{"cameraMode":{"drawMode":0,"name":"Shaded","section":"Shading Mode"},"sceneLighting":true,"audioPlay":false,"sceneViewState":{"showFog":true,"showMaterialUpdate":false,"showSkybox":true,"showFlares":true,"showImageEffects":true,"showParticleSystems":true},"in2DMode":false,"pivot":{"x":-0.8847665786743164,"y":1.574059247970581,"z":4.574413299560547},"rotation":{"x":0.15453855693340302,"y":-0.41633445024490359,"z":0.07197737693786621,"w":0.893132209777832},"size":7.109192371368408,"orthographic":false}