{"cameraMode":{"drawMode":0,"name":"Shaded","section":"Shading Mode"},"sceneLighting":true,"audioPlay":false,"sceneViewState":{"showFog":true,"showMaterialUpdate":false,"showSkybox":true,"showFlares":true,"showImageEffects":true,"showParticleSystems":true},"in2DMode":false,"pivot":{"x":1.0329430103302003,"y":3.379788398742676,"z":0.42192935943603518},"rotation":{"x":0.11219047755002976,"y":-0.08157874643802643,"z":0.009260795079171658,"w":0.9903201460838318},"size":2.877041816711426,"orthographic":false}