{"cameraMode":{"drawMode":0,"name":"Shaded","section":"Shading Mode"},"sceneLighting":true,"audioPlay":false,"sceneViewState":{"showFog":true,"showMaterialUpdate":false,"showSkybox":true,"showFlares":true,"showImageEffects":true,"showParticleSystems":true},"in2DMode":false,"pivot":{"x":1.0493448972702027,"y":2.6154730319976808,"z":1.2314484119415284},"rotation":{"x":-0.07046325504779816,"y":0.10042745620012284,"z":-0.006485568359494209,"w":-0.9925615787506104},"size":3.374845266342163,"orthographic":false}