{"cameraMode":{"drawMode":0,"name":"Shaded","section":"Shading Mode"},"sceneLighting":true,"audioPlay":false,"sceneViewState":{"showFog":true,"showMaterialUpdate":false,"showSkybox":true,"showFlares":true,"showImageEffects":true,"showParticleSystems":true},"in2DMode":false,"pivot":{"x":0.5854274034500122,"y":2.3451123237609865,"z":3.547600746154785},"rotation":{"x":-0.1584925353527069,"y":0.04625885561108589,"z":-0.006991009693592787,"w":-0.9863274693489075},"size":5.5087571144104,"orthographic":false}