{"cameraMode":{"drawMode":0,"name":"Shaded","section":"Shading Mode"},"sceneLighting":true,"audioPlay":false,"sceneViewState":{"showFog":true,"showMaterialUpdate":false,"showSkybox":true,"showFlares":true,"showImageEffects":true,"showParticleSystems":true},"in2DMode":false,"pivot":{"x":1.2761526107788087,"y":1.2172273397445679,"z":9.73795223236084},"rotation":{"x":-0.03926509991288185,"y":-0.04135868698358536,"z":0.0016353316605091096,"w":-0.9983944892883301},"size":14.557215690612793,"orthographic":false}