{"cameraMode":{"drawMode":0,"name":"Shaded","section":"Shading Mode"},"sceneLighting":true,"audioPlay":false,"sceneViewState":{"showFog":true,"showMaterialUpdate":false,"showSkybox":true,"showFlares":true,"showImageEffects":true,"showParticleSystems":true},"in2DMode":false,"pivot":{"x":-0.5090122222900391,"y":2.3150408267974855,"z":3.9994585514068605},"rotation":{"x":-0.08796656131744385,"y":0.13292287290096284,"z":-0.011374039575457573,"w":-0.9872316718101502},"size":5.458670616149902,"orthographic":false}