{"cameraMode":{"drawMode":0,"name":"Shaded","section":"Shading Mode"},"sceneLighting":true,"audioPlay":false,"sceneViewState":{"showFog":true,"showMaterialUpdate":false,"showSkybox":true,"showFlares":true,"showImageEffects":true,"showParticleSystems":true},"in2DMode":false,"pivot":{"x":-0.8765215873718262,"y":2.394899606704712,"z":7.265078544616699},"rotation":{"x":0.030157532542943956,"y":0.09910259395837784,"z":-0.0029749395325779917,"w":0.994645357131958},"size":10.23112678527832,"orthographic":false}