{"cameraMode":{"drawMode":0,"name":"Shaded","section":"Shading Mode"},"sceneLighting":true,"audioPlay":false,"sceneViewState":{"showFog":true,"showMaterialUpdate":false,"showSkybox":true,"showFlares":true,"showImageEffects":true,"showParticleSystems":true},"in2DMode":false,"pivot":{"x":0.9920873045921326,"y":2.234799861907959,"z":1.8640443086624146},"rotation":{"x":0.15919792652130128,"y":-0.10610789805650711,"z":0.0171818770468235,"w":0.9814196228981018},"size":4.056565761566162,"orthographic":false}