{"cameraMode":{"drawMode":0,"name":"Shaded","section":"Shading Mode"},"sceneLighting":true,"audioPlay":false,"sceneViewState":{"showFog":true,"showMaterialUpdate":false,"showSkybox":true,"showFlares":true,"showImageEffects":true,"showParticleSystems":true},"in2DMode":false,"pivot":{"x":0.15028566122055055,"y":2.6355860233306886,"z":2.914299488067627},"rotation":{"x":0.26682788133621218,"y":-0.03873133286833763,"z":0.010715470649302006,"w":0.9629677534103394},"size":5.600179672241211,"orthographic":false}