{"cameraMode":{"drawMode":0,"name":"Shaded","section":"Shading Mode"},"sceneLighting":true,"audioPlay":false,"sceneViewState":{"showFog":true,"showMaterialUpdate":false,"showSkybox":true,"showFlares":true,"showImageEffects":true,"showParticleSystems":true},"in2DMode":false,"pivot":{"x":-2.0315780639648439,"y":0.9629092216491699,"z":2.415513038635254},"rotation":{"x":-0.19238048791885377,"y":0.33022767305374148,"z":-0.0689401850104332,"w":-0.9215143918991089},"size":7.841565132141113,"orthographic":false}