{"cameraMode":{"drawMode":0,"name":"Shaded","section":"Shading Mode"},"sceneLighting":true,"audioPlay":false,"sceneViewState":{"showFog":true,"showMaterialUpdate":false,"showSkybox":true,"showFlares":true,"showImageEffects":true,"showParticleSystems":true},"in2DMode":false,"pivot":{"x":-1.080747365951538,"y":1.044647216796875,"z":3.4931774139404299},"rotation":{"x":-0.21773356199264527,"y":0.15356498956680299,"z":-0.034712743014097217,"w":-0.9632275700569153},"size":12.879958152770996,"orthographic":false}