{"cameraMode":{"drawMode":0,"name":"Shaded","section":"Shading Mode"},"sceneLighting":true,"audioPlay":false,"sceneViewState":{"showFog":true,"showMaterialUpdate":false,"showSkybox":true,"showFlares":true,"showImageEffects":true,"showParticleSystems":true},"in2DMode":false,"pivot":{"x":-0.9209260940551758,"y":2.694005012512207,"z":-0.7011942863464356},"rotation":{"x":-0.06941299885511399,"y":0.9153333902359009,"z":-0.1796555072069168,"w":-0.3536548614501953},"size":11.71507453918457,"orthographic":false}